{"cameraMode":{"drawMode":0,"name":"Shaded","section":"Shading Mode"},"sceneLighting":true,"audioPlay":false,"sceneViewState":{"showFog":true,"showMaterialUpdate":false,"showSkybox":true,"showFlares":true,"showImageEffects":true,"showParticleSystems":true},"in2DMode":false,"pivot":{"x":6.98523473739624,"y":8.675365447998047,"z":-1.4340866804122925},"rotation":{"x":-0.07048854976892472,"y":-0.5208436250686646,"z":0.04622625187039375,"w":-0.8500444889068604},"size":1.4854679107666016,"orthographic":false}