{"cameraMode":{"drawMode":0,"name":"Shaded","section":"Shading Mode"},"sceneLighting":true,"audioPlay":false,"sceneViewState":{"showFog":true,"showMaterialUpdate":false,"showSkybox":true,"showFlares":true,"showImageEffects":true,"showParticleSystems":true},"in2DMode":false,"pivot":{"x":13.476816177368164,"y":15.76455307006836,"z":-19.926082611083986},"rotation":{"x":0.11016546934843064,"y":-0.2828632891178131,"z":0.029881538823246957,"w":0.9528053998947144},"size":1.4854679107666016,"orthographic":false}