{"cameraMode":{"drawMode":0,"name":"Shaded","section":"Shading Mode"},"sceneLighting":true,"audioPlay":false,"sceneViewState":{"showFog":true,"showMaterialUpdate":false,"showSkybox":true,"showFlares":true,"showImageEffects":true,"showParticleSystems":true},"in2DMode":false,"pivot":{"x":3.439260244369507,"y":6.109306335449219,"z":3.882843255996704},"rotation":{"x":-0.14333507418632508,"y":0.3030935227870941,"z":-0.043675895780324939,"w":-0.9416387677192688},"size":3.9227287769317629,"orthographic":false}