{"cameraMode":{"drawMode":0,"name":"Shaded","section":"Shading Mode"},"sceneLighting":true,"audioPlay":false,"sceneViewState":{"showFog":true,"showMaterialUpdate":false,"showSkybox":true,"showFlares":true,"showImageEffects":true,"showParticleSystems":true},"in2DMode":false,"pivot":{"x":-32.2724494934082,"y":32.33054733276367,"z":-15.181039810180664},"rotation":{"x":0.14247974753379823,"y":0.5782138109207153,"z":-0.10662169754505158,"w":0.7967854738235474},"size":1.4854679107666016,"orthographic":false}