{"cameraMode":{"drawMode":0,"name":"Shaded","section":"Shading Mode"},"sceneLighting":true,"audioPlay":false,"sceneViewState":{"showFog":true,"showMaterialUpdate":false,"showSkybox":true,"showFlares":true,"showImageEffects":true,"showParticleSystems":true},"in2DMode":false,"pivot":{"x":10.324912071228028,"y":6.915909290313721,"z":-0.9231078624725342},"rotation":{"x":-0.06294557452201843,"y":-0.5675064325332642,"z":0.04659320414066315,"w":-0.82025146484375},"size":3.9227287769317629,"orthographic":false}