{"cameraMode":{"drawMode":0,"name":"Shaded","section":"Shading Mode"},"sceneLighting":true,"audioPlay":false,"sceneViewState":{"showFog":true,"showMaterialUpdate":false,"showSkybox":true,"showFlares":true,"showImageEffects":true,"showParticleSystems":true},"in2DMode":false,"pivot":{"x":5.722894668579102,"y":6.433920383453369,"z":5.275382995605469},"rotation":{"x":-0.10514210164546967,"y":0.055989451706409457,"z":-0.0035383193753659727,"w":-0.9933942556381226},"size":3.9227287769317629,"orthographic":false}